{
  "$schema": "https://go.kicad.org/pcm/schemas/v1",
  "identifier": "org.vinciecodrive.kicadlibs",
  "type": "library",
  "name": "VinciEcoDrive Libraries",
  "description": "Symboles, empreintes et modèles 3D internes VED",
  "description_full": "Librairies KiCad de l'équipe VinciEcoDrive : VED_Connectors, VED_Integrated_Circuits, VED_Power_Modules, VED_Sensors.",
  "author": { "name": "VinciEcoDrive", "contact": { "email": "contact@vinciecodrive.fr" } },
  "maintainer": { "name": "VinciEcoDrive", "contact": {"email": "contact@vinciecodrive.fr"} },
  "license": "CC-BY-4.0",
  "resources": {
    "homepage": "https://github.com/VinciEcoDrive/VED-KiCad-Libraries"
  },
  "versions": [
    {
      "version": "1.0.0",
      "status": "stable",
      "kicad_version": "9.0",
      "download_url": "TO_BE_FILLED_BY_CI",
      "download_size": 0,
      "download_sha256": "TO_BE_FILLED_BY_CI",
      "install_size": 0
    }
  ]
}
